model,label,lam,seed,params,val_auc,auc,ap,delta_muscle,retrieval_muscle,delta_type,retrieval_type,silhouette_type,per_relation
jaccard,Jaccard on target-muscle sets (no learning),,0,0,,,,,1.0,,0.5427262313860252,,{}
transe,"TransE (translational decoder, no propagation)",0.0,0,59585,0.8820616058378296,0.8605455996639362,0.8568308430873421,0.3209361135959625,0.4616265750286369,0.7327353358268738,0.9697594501718213,0.4306100904941559,"{""hasForce"": {""auc"": 0.8466089965397924, ""ap"": 0.8526661563375566, ""neg_fail"": 0.0, ""n_test"": 170}, ""hasIntensity"": {""auc"": 0.7527836734693878, ""ap"": 0.7684812941228463, ""neg_fail"": 0.0, ""n_test"": 175}, ""hasMechanic"": {""auc"": 0.8616407626982855, ""ap"": 0.8702765932048899, ""neg_fail"": 0.0, ""n_test"": 158}, ""hasType"": {""auc"": 0.9716244897959183, ""ap"": 0.9780461715526602, ""neg_fail"": 0.0, ""n_test"": 175}, ""isVariationOf"": {""auc"": 0.863905325443787, ""ap"": 0.8459466809564666, ""neg_fail"": 0.0, ""n_test"": 26}, ""recruits"": {""auc"": 0.8049122384568417, ""ap"": 0.8048494409249373, ""neg_fail"": 0.0, ""n_test"": 341}, ""requires"": {""auc"": 0.7448163265306122, ""ap"": 0.7478229468848903, ""neg_fail"": 0.0, ""n_test"": 175}, ""supportsGoal"": {""auc"": 0.9826354453627181, ""ap"": 0.9830956020507073, ""neg_fail"": 0.0, ""n_test"": 330}, ""targets"": {""auc"": 0.7586285714285714, ""ap"": 0.7573300599983783, ""neg_fail"": 0.0, ""n_test"": 175}}"
transe,"TransE (translational decoder, no propagation)",0.0,1,59585,0.8747724691780636,0.8546762444864525,0.84422044263122,0.32396507263183594,0.47926689576174114,0.7474191188812256,0.9610538373424972,0.43913179636001587,"{""hasForce"": {""auc"": 0.8756747404844291, ""ap"": 0.8824481660052039, ""neg_fail"": 0.0, ""n_test"": 170}, ""hasIntensity"": {""auc"": 0.7533387755102041, ""ap"": 0.7563500684076879, ""neg_fail"": 0.0, ""n_test"": 175}, ""hasMechanic"": {""auc"": 0.851586284249319, ""ap"": 0.8667015209200275, ""neg_fail"": 0.0, ""n_test"": 158}, ""hasType"": {""auc"": 0.955461224489796, ""ap"": 0.9673428774864851, ""neg_fail"": 0.0, ""n_test"": 175}, ""isVariationOf"": {""auc"": 0.8328402366863905, ""ap"": 0.8412862623320572, ""neg_fail"": 0.0, ""n_test"": 26}, ""recruits"": {""auc"": 0.801687291990953, ""ap"": 0.794543965313387, ""neg_fail"": 0.0, ""n_test"": 341}, ""requires"": {""auc"": 0.7002775510204081, ""ap"": 0.6555699985219996, ""neg_fail"": 0.0, ""n_test"": 175}, ""supportsGoal"": {""auc"": 0.9730211202938476, ""ap"": 0.9802435805259802, ""neg_fail"": 0.0, ""n_test"": 330}, ""targets"": {""auc"": 0.7952326530612244, ""ap"": 0.7920643954279751, ""neg_fail"": 0.0, ""n_test"": 175}}"
transe,"TransE (translational decoder, no propagation)",0.0,2,59585,0.8726601681147137,0.862568031926066,0.8627292118309231,0.3186904788017273,0.4668957617411226,0.788545548915863,0.9656357388316151,0.45483100414276123,"{""hasForce"": {""auc"": 0.8467820069204152, ""ap"": 0.8651464165144904, ""neg_fail"": 0.0, ""n_test"": 170}, ""hasIntensity"": {""auc"": 0.738057142857143, ""ap"": 0.7514377335884872, ""neg_fail"": 0.0, ""n_test"": 175}, ""hasMechanic"": {""auc"": 0.8043983336003846, ""ap"": 0.8050503728256339, ""neg_fail"": 0.0, ""n_test"": 158}, ""hasType"": {""auc"": 0.969991836734694, ""ap"": 0.9752110767138956, ""neg_fail"": 0.0, ""n_test"": 175}, ""isVariationOf"": {""auc"": 0.8210059171597632, ""ap"": 0.8341583758512374, ""neg_fail"": 0.0, ""n_test"": 26}, ""recruits"": {""auc"": 0.8229031398078792, ""ap"": 0.830296408853203, ""neg_fail"": 0.0, ""n_test"": 341}, ""requires"": {""auc"": 0.8330122448979591, ""ap"": 0.7959627524123394, ""neg_fail"": 0.0, ""n_test"": 175}, ""supportsGoal"": {""auc"": 0.9833608815426996, ""ap"": 0.9874243679847927, ""neg_fail"": 0.0, ""n_test"": 330}, ""targets"": {""auc"": 0.7049469387755102, ""ap"": 0.7086523713191186, ""neg_fail"": 0.0, ""n_test"": 175}}"
transe,"TransE (translational decoder, no propagation)",0.0,3,59585,0.8552374199227345,0.8499666456626759,0.8530465043553435,0.23596778512001038,0.4520045819014891,0.5617856383323669,0.9651775486827033,0.3418579697608948,"{""hasForce"": {""auc"": 0.8629757785467128, ""ap"": 0.8636369285759121, ""neg_fail"": 0.0, ""n_test"": 170}, ""hasIntensity"": {""auc"": 0.7374693877551022, ""ap"": 0.7214736490178303, ""neg_fail"": 0.0, ""n_test"": 175}, ""hasMechanic"": {""auc"": 0.8705736260214709, ""ap"": 0.885221636117864, ""neg_fail"": 0.0, ""n_test"": 158}, ""hasType"": {""auc"": 0.9607836734693878, ""ap"": 0.9692548498161869, ""neg_fail"": 0.0, ""n_test"": 175}, ""isVariationOf"": {""auc"": 0.8210059171597633, ""ap"": 0.8138626769672954, ""neg_fail"": 0.0, ""n_test"": 26}, ""recruits"": {""auc"": 0.8080339866358217, ""ap"": 0.8157540908405807, ""neg_fail"": 0.0, ""n_test"": 341}, ""requires"": {""auc"": 0.6983836734693878, ""ap"": 0.6500697256151655, ""neg_fail"": 0.0, ""n_test"": 175}, ""supportsGoal"": {""auc"": 0.9646005509641874, ""ap"": 0.9752767439346431, ""neg_fail"": 0.0, ""n_test"": 330}, ""targets"": {""auc"": 0.7179102040816326, ""ap"": 0.7292030913101517, ""neg_fail"": 0.0, ""n_test"": 175}}"
transe,"TransE (translational decoder, no propagation)",0.0,4,59585,0.8523922658538043,0.8436462927956312,0.837153101177075,0.303716242313385,0.4927835051546392,0.7113640308380127,0.956930126002291,0.4052225649356842,"{""hasForce"": {""auc"": 0.8693425605536331, ""ap"": 0.8882141203058828, ""neg_fail"": 0.0, ""n_test"": 170}, ""hasIntensity"": {""auc"": 0.7418448979591836, ""ap"": 0.7472557246675424, ""neg_fail"": 0.0, ""n_test"": 175}, ""hasMechanic"": {""auc"": 0.8622816856273033, ""ap"": 0.8637069068789207, ""neg_fail"": 0.0, ""n_test"": 158}, ""hasType"": {""auc"": 0.9673795918367348, ""ap"": 0.9660050537915728, ""neg_fail"": 0.0, ""n_test"": 175}, ""isVariationOf"": {""auc"": 0.8195266272189349, ""ap"": 0.8006678260565839, ""neg_fail"": 0.0, ""n_test"": 26}, ""recruits"": {""auc"": 0.8155416620084108, ""ap"": 0.8150111355104561, ""neg_fail"": 0.0, ""n_test"": 341}, ""requires"": {""auc"": 0.6971102040816327, ""ap"": 0.6535033140260467, ""neg_fail"": 0.0, ""n_test"": 175}, ""supportsGoal"": {""auc"": 0.9759228650137741, ""ap"": 0.9799427652391642, ""neg_fail"": 0.0, ""n_test"": 330}, ""targets"": {""auc"": 0.6938122448979593, ""ap"": 0.6923271957394133, ""neg_fail"": 0.0, ""n_test"": 175}}"
transe,"TransE (translational decoder, no propagation)",0.0,5,59585,0.8514325612227711,0.8512937618147448,0.846121066256399,0.3083702623844147,0.46048109965635736,0.7636278867721558,0.9589919816723941,0.43971824645996094,"{""hasForce"": {""auc"": 0.835674740484429, ""ap"": 0.832657090718735, ""neg_fail"": 0.0, ""n_test"": 170}, ""hasIntensity"": {""auc"": 0.7429551020408163, ""ap"": 0.7341553018342706, ""neg_fail"": 0.0, ""n_test"": 175}, ""hasMechanic"": {""auc"": 0.8855952571703253, ""ap"": 0.9042448762471909, ""neg_fail"": 0.0, ""n_test"": 158}, ""hasType"": {""auc"": 0.9633632653061225, ""ap"": 0.973758102623789, ""neg_fail"": 0.0, ""n_test"": 175}, ""isVariationOf"": {""auc"": 0.7736686390532544, ""ap"": 0.7414818064197602, ""neg_fail"": 0.0, ""n_test"": 26}, ""recruits"": {""auc"": 0.8236255278162383, ""ap"": 0.8203399976886562, ""neg_fail"": 0.0, ""n_test"": 341}, ""requires"": {""auc"": 0.6945632653061224, ""ap"": 0.675538174048779, ""neg_fail"": 0.0, ""n_test"": 175}, ""supportsGoal"": {""auc"": 0.9721854912764004, ""ap"": 0.9765947599534098, ""neg_fail"": 0.0, ""n_test"": 330}, ""targets"": {""auc"": 0.7375020408163265, ""ap"": 0.7127803423746992, ""neg_fail"": 0.0, ""n_test"": 175}}"
transe,"TransE (translational decoder, no propagation)",0.0,6,59585,0.8711224672763135,0.8601685360218442,0.8527415799042153,0.2850866913795471,0.45910652920962197,0.7270798087120056,0.9761741122565865,0.45222383737564087,"{""hasForce"": {""auc"": 0.8563667820069204, ""ap"": 0.8710433578980368, ""neg_fail"": 0.0, ""n_test"": 170}, ""hasIntensity"": {""auc"": 0.7404408163265307, ""ap"": 0.7085930398539393, ""neg_fail"": 0.0, ""n_test"": 175}, ""hasMechanic"": {""auc"": 0.9173209421567057, ""ap"": 0.9180274180614536, ""neg_fail"": 0.0, ""n_test"": 158}, ""hasType"": {""auc"": 0.9647346938775511, ""ap"": 0.9718683190270054, ""neg_fail"": 0.0, ""n_test"": 175}, ""isVariationOf"": {""auc"": 0.6908284023668639, ""ap"": 0.6570529999869598, ""neg_fail"": 0.0, ""n_test"": 26}, ""recruits"": {""auc"": 0.8082317833523962, ""ap"": 0.7928219003177353, ""neg_fail"": 0.0, ""n_test"": 341}, ""requires"": {""auc"": 0.7500408163265305, ""ap"": 0.7375458474503291, ""neg_fail"": 0.0, ""n_test"": 175}, ""supportsGoal"": {""auc"": 0.9803213957759412, ""ap"": 0.9834810618208698, ""neg_fail"": 0.0, ""n_test"": 330}, ""targets"": {""auc"": 0.7478530612244898, ""ap"": 0.7118174496107702, ""neg_fail"": 0.0, ""n_test"": 175}}"
transe,"TransE (translational decoder, no propagation)",0.0,7,59585,0.8591658923826755,0.8580052930056711,0.8539825364860552,0.3222541809082031,0.452233676975945,0.7906122207641602,0.9610538373424972,0.46929776668548584,"{""hasForce"": {""auc"": 0.8594117647058824, ""ap"": 0.8605356197776093, ""neg_fail"": 0.0, ""n_test"": 170}, ""hasIntensity"": {""auc"": 0.7464816326530612, ""ap"": 0.7538304395434681, ""neg_fail"": 0.0, ""n_test"": 175}, ""hasMechanic"": {""auc"": 0.8660871655183464, ""ap"": 0.8706568578063034, ""neg_fail"": 0.0, ""n_test"": 158}, ""hasType"": {""auc"": 0.9669224489795918, ""ap"": 0.9677219850026424, ""neg_fail"": 0.0, ""n_test"": 175}, ""isVariationOf"": {""auc"": 0.7958579881656804, ""ap"": 0.7521598685752261, ""neg_fail"": 0.0, ""n_test"": 26}, ""recruits"": {""auc"": 0.8037426578718794, ""ap"": 0.8029016424280577, ""neg_fail"": 0.0, ""n_test"": 341}, ""requires"": {""auc"": 0.7420081632653062, ""ap"": 0.7133772761090775, ""neg_fail"": 0.0, ""n_test"": 175}, ""supportsGoal"": {""auc"": 0.977741046831956, ""ap"": 0.9814272472895379, ""neg_fail"": 0.0, ""n_test"": 330}, ""targets"": {""auc"": 0.756604081632653, ""ap"": 0.75076162786087, ""neg_fail"": 0.0, ""n_test"": 175}}"
transe,"TransE (translational decoder, no propagation)",0.0,8,59585,0.8572424079417085,0.8498187775677378,0.8462300862648245,0.31302016973495483,0.4570446735395189,0.7640718817710876,0.9605956471935854,0.444097101688385,"{""hasForce"": {""auc"": 0.8768166089965398, ""ap"": 0.890893048682612, ""neg_fail"": 0.0, ""n_test"": 170}, ""hasIntensity"": {""auc"": 0.6907102040816328, ""ap"": 0.7066983848495739, ""neg_fail"": 0.0, ""n_test"": 175}, ""hasMechanic"": {""auc"": 0.8594776478128505, ""ap"": 0.8798859617044659, ""neg_fail"": 0.0, ""n_test"": 158}, ""hasType"": {""auc"": 0.9570285714285715, ""ap"": 0.9568411904541073, ""neg_fail"": 0.0, ""n_test"": 175}, ""isVariationOf"": {""auc"": 0.779585798816568, ""ap"": 0.7500189834096556, ""neg_fail"": 0.0, ""n_test"": 26}, ""recruits"": {""auc"": 0.789595892708181, ""ap"": 0.788906388661565, ""neg_fail"": 0.0, ""n_test"": 341}, ""requires"": {""auc"": 0.7320489795918367, ""ap"": 0.7063750126985835, ""neg_fail"": 0.0, ""n_test"": 175}, ""supportsGoal"": {""auc"": 0.9857851239669421, ""ap"": 0.9893169177988956, ""neg_fail"": 0.0, ""n_test"": 330}, ""targets"": {""auc"": 0.7401142857142857, ""ap"": 0.7478627019335864, ""neg_fail"": 0.0, ""n_test"": 175}}"
transe,"TransE (translational decoder, no propagation)",0.0,9,59585,0.8590925391624692,0.8644217601344255,0.860716293477295,0.31082355976104736,0.4584192439862543,0.7490283250808716,0.9537227949599084,0.43572795391082764,"{""hasForce"": {""auc"": 0.8488235294117646, ""ap"": 0.8443587475255285, ""neg_fail"": 0.0, ""n_test"": 170}, ""hasIntensity"": {""auc"": 0.7808326530612244, ""ap"": 0.7630362466041365, ""neg_fail"": 0.0, ""n_test"": 175}, ""hasMechanic"": {""auc"": 0.9367088607594937, ""ap"": 0.9419474649074194, ""neg_fail"": 0.0, ""n_test"": 158}, ""hasType"": {""auc"": 0.9624163265306123, ""ap"": 0.9688780223855336, ""neg_fail"": 0.0, ""n_test"": 175}, ""isVariationOf"": {""auc"": 0.7988165680473372, ""ap"": 0.7821458577957499, ""neg_fail"": 0.0, ""n_test"": 26}, ""recruits"": {""auc"": 0.8031664674366406, ""ap"": 0.8081560764815159, ""neg_fail"": 0.0, ""n_test"": 341}, ""requires"": {""auc"": 0.751934693877551, ""ap"": 0.7106857898036059, ""neg_fail"": 0.0, ""n_test"": 175}, ""supportsGoal"": {""auc"": 0.9732598714416896, ""ap"": 0.9807878862788847, ""neg_fail"": 0.0, ""n_test"": 330}, ""targets"": {""auc"": 0.7545795918367346, ""ap"": 0.7525745023111513, ""neg_fail"": 0.0, ""n_test"": 175}}"
transe,"TransE (translational decoder, no propagation)",0.0,10,59585,0.8728177416988605,0.8633261919764755,0.8604706617449678,0.31012973189353943,0.47972508591065294,0.7048259377479553,0.9743413516609393,0.42779290676116943,"{""hasForce"": {""auc"": 0.8707612456747404, ""ap"": 0.8796109231003175, ""neg_fail"": 0.0, ""n_test"": 170}, ""hasIntensity"": {""auc"": 0.7259428571428571, ""ap"": 0.6855418659109108, ""neg_fail"": 0.0, ""n_test"": 175}, ""hasMechanic"": {""auc"": 0.9119532126261818, ""ap"": 0.9224757326452198, ""neg_fail"": 0.0, ""n_test"": 158}, ""hasType"": {""auc"": 0.9734204081632651, ""ap"": 0.9786903466737554, ""neg_fail"": 0.0, ""n_test"": 175}, ""isVariationOf"": {""auc"": 0.8417159763313609, ""ap"": 0.8678419295189919, ""neg_fail"": 0.0, ""n_test"": 26}, ""recruits"": {""auc"": 0.8241501191080228, ""ap"": 0.8344614848660756, ""neg_fail"": 0.0, ""n_test"": 341}, ""requires"": {""auc"": 0.7293061224489796, ""ap"": 0.6991506323512187, ""neg_fail"": 0.0, ""n_test"": 175}, ""supportsGoal"": {""auc"": 0.9849770431588615, ""ap"": 0.9875022508421046, ""neg_fail"": 0.0, ""n_test"": 330}, ""targets"": {""auc"": 0.7539265306122449, ""ap"": 0.7265580655641304, ""neg_fail"": 0.0, ""n_test"": 175}}"
transe,"TransE (translational decoder, no propagation)",0.0,11,59585,0.8718070973315729,0.8598904431842049,0.859043949397883,0.28233444690704346,0.45910652920962197,0.6944785714149475,0.963573883161512,0.4091026484966278,"{""hasForce"": {""auc"": 0.8862975778546713, ""ap"": 0.9061586579457516, ""neg_fail"": 0.0, ""n_test"": 170}, ""hasIntensity"": {""auc"": 0.7510857142857144, ""ap"": 0.7440778184854633, ""neg_fail"": 0.0, ""n_test"": 175}, ""hasMechanic"": {""auc"": 0.8851946803396893, ""ap"": 0.8951485923539214, ""neg_fail"": 0.0, ""n_test"": 158}, ""hasType"": {""auc"": 0.9510204081632654, ""ap"": 0.9591727040124469, ""neg_fail"": 0.0, ""n_test"": 175}, ""isVariationOf"": {""auc"": 0.8402366863905325, ""ap"": 0.8352430029593394, ""neg_fail"": 0.0, ""n_test"": 26}, ""recruits"": {""auc"": 0.8382581849141304, ""ap"": 0.8469666891880423, ""neg_fail"": 0.0, ""n_test"": 341}, ""requires"": {""auc"": 0.7239510204081632, ""ap"": 0.6891127763425653, ""neg_fail"": 0.0, ""n_test"": 175}, ""supportsGoal"": {""auc"": 0.9786776859504134, ""ap"": 0.9835801297222491, ""neg_fail"": 0.0, ""n_test"": 330}, ""targets"": {""auc"": 0.7238857142857142, ""ap"": 0.6883966856279351, ""neg_fail"": 0.0, ""n_test"": 175}}"
transe,"TransE (translational decoder, no propagation)",0.0,12,59585,0.8627493330290533,0.8437145137576139,0.8372607251939082,0.28060173988342285,0.4618556701030928,0.5945558547973633,0.963573883161512,0.3728492259979248,"{""hasForce"": {""auc"": 0.8418685121107266, ""ap"": 0.849843638760325, ""neg_fail"": 0.0, ""n_test"": 170}, ""hasIntensity"": {""auc"": 0.7071673469387756, ""ap"": 0.7011150746587291, ""neg_fail"": 0.0, ""n_test"": 175}, ""hasMechanic"": {""auc"": 0.9130347700688992, ""ap"": 0.9193015916520365, ""neg_fail"": 0.0, ""n_test"": 158}, ""hasType"": {""auc"": 0.960065306122449, ""ap"": 0.9708631132831238, ""neg_fail"": 0.0, ""n_test"": 175}, ""isVariationOf"": {""auc"": 0.8431952662721893, ""ap"": 0.8352859953714841, ""neg_fail"": 0.0, ""n_test"": 26}, ""recruits"": {""auc"": 0.796475778502077, ""ap"": 0.7933334573259314, ""neg_fail"": 0.0, ""n_test"": 341}, ""requires"": {""auc"": 0.7198367346938775, ""ap"": 0.6808445770068922, ""neg_fail"": 0.0, ""n_test"": 175}, ""supportsGoal"": {""auc"": 0.9593021120293846, ""ap"": 0.9722098865236513, ""neg_fail"": 0.0, ""n_test"": 330}, ""targets"": {""auc"": 0.7284897959183673, ""ap"": 0.7011236158860351, ""neg_fail"": 0.0, ""n_test"": 175}}"
transe,"TransE (translational decoder, no propagation)",0.0,13,59585,0.8726397922202119,0.8591988237765176,0.851244004333558,0.32649293541908264,0.4829324169530355,0.7330762147903442,0.9686139747995418,0.43971216678619385,"{""hasForce"": {""auc"": 0.8903460207612457, ""ap"": 0.8993498105726807, ""neg_fail"": 0.0, ""n_test"": 170}, ""hasIntensity"": {""auc"": 0.7179428571428572, ""ap"": 0.6991270638223981, ""neg_fail"": 0.0, ""n_test"": 175}, ""hasMechanic"": {""auc"": 0.884473642044544, ""ap"": 0.8866419639351943, ""neg_fail"": 0.0, ""n_test"": 158}, ""hasType"": {""auc"": 0.9656816326530612, ""ap"": 0.9753614152728176, ""neg_fail"": 0.0, ""n_test"": 175}, ""isVariationOf"": {""auc"": 0.8579881656804733, ""ap"": 0.8333504726841399, ""neg_fail"": 0.0, ""n_test"": 26}, ""recruits"": {""auc"": 0.8091347683628453, ""ap"": 0.7945898972480777, ""neg_fail"": 0.0, ""n_test"": 341}, ""requires"": {""auc"": 0.7272489795918367, ""ap"": 0.7193242686679614, ""neg_fail"": 0.0, ""n_test"": 175}, ""supportsGoal"": {""auc"": 0.9823048668503214, ""ap"": 0.9827690131306118, ""neg_fail"": 0.0, ""n_test"": 330}, ""targets"": {""auc"": 0.7423020408163266, ""ap"": 0.7315606777721025, ""neg_fail"": 0.0, ""n_test"": 175}}"
transe,"TransE (translational decoder, no propagation)",0.0,14,59585,0.8627792176743226,0.8644385633270322,0.8621441839964636,0.25601109862327576,0.46872852233676976,0.5519990921020508,0.9663230240549828,0.35149234533309937,"{""hasForce"": {""auc"": 0.8744982698961938, ""ap"": 0.8856675581818286, ""neg_fail"": 0.0, ""n_test"": 170}, ""hasIntensity"": {""auc"": 0.7355428571428572, ""ap"": 0.738053701168715, ""neg_fail"": 0.0, ""n_test"": 175}, ""hasMechanic"": {""auc"": 0.9439593013940074, ""ap"": 0.9488049008799467, ""neg_fail"": 0.0, ""n_test"": 158}, ""hasType"": {""auc"": 0.9690448979591837, ""ap"": 0.9764394436155716, ""neg_fail"": 0.0, ""n_test"": 175}, ""isVariationOf"": {""auc"": 0.7204142011834319, ""ap"": 0.7564339326137954, ""neg_fail"": 0.0, ""n_test"": 26}, ""recruits"": {""auc"": 0.8452283692090712, ""ap"": 0.8458906058851392, ""neg_fail"": 0.0, ""n_test"": 341}, ""requires"": {""auc"": 0.7475918367346939, ""ap"": 0.7119642342260666, ""neg_fail"": 0.0, ""n_test"": 175}, ""supportsGoal"": {""auc"": 0.9720752984389348, ""ap"": 0.9668487794048917, ""neg_fail"": 0.0030303029343485832, ""n_test"": 330}, ""targets"": {""auc"": 0.7417795918367347, ""ap"": 0.7161374309565076, ""neg_fail"": 0.0, ""n_test"": 175}}"
transe,"TransE (translational decoder, no propagation)",0.0,15,59585,0.8643305024423906,0.8585003150598614,0.8528733212880348,0.31039923429489136,0.4616265750286369,0.667983889579773,0.9644902634593356,0.40216588973999023,"{""hasForce"": {""auc"": 0.8640830449826991, ""ap"": 0.8793241636761364, ""neg_fail"": 0.0, ""n_test"": 170}, ""hasIntensity"": {""auc"": 0.7280326530612244, ""ap"": 0.741448587891068, ""neg_fail"": 0.0, ""n_test"": 175}, ""hasMechanic"": {""auc"": 0.861280243550713, ""ap"": 0.8734067383351369, ""neg_fail"": 0.0, ""n_test"": 158}, ""hasType"": {""auc"": 0.9746285714285714, ""ap"": 0.9752452900643248, ""neg_fail"": 0.0, ""n_test"": 175}, ""isVariationOf"": {""auc"": 0.8890532544378698, ""ap"": 0.8817942025256653, ""neg_fail"": 0.0, ""n_test"": 26}, ""recruits"": {""auc"": 0.8372477016881519, ""ap"": 0.833784429972379, ""neg_fail"": 0.0, ""n_test"": 341}, ""requires"": {""auc"": 0.7495510204081632, ""ap"": 0.6843441510798725, ""neg_fail"": 0.0, ""n_test"": 175}, ""supportsGoal"": {""auc"": 0.9711111111111111, ""ap"": 0.9760542341410666, ""neg_fail"": 0.0, ""n_test"": 330}, ""targets"": {""auc"": 0.7197061224489796, ""ap"": 0.7099848828815889, ""neg_fail"": 0.0, ""n_test"": 175}}"
transe,"TransE (translational decoder, no propagation)",0.0,16,59585,0.864251715650317,0.8515928586431422,0.8488990114021021,0.29769688844680786,0.47949599083619704,0.7191170454025269,0.9745704467353952,0.4290701448917389,"{""hasForce"": {""auc"": 0.8495501730103806, ""ap"": 0.8642544898093945, ""neg_fail"": 0.0, ""n_test"": 170}, ""hasIntensity"": {""auc"": 0.6971102040816327, ""ap"": 0.6961882581161076, ""neg_fail"": 0.0, ""n_test"": 175}, ""hasMechanic"": {""auc"": 0.862001281845858, ""ap"": 0.8829819672001539, ""neg_fail"": 0.0, ""n_test"": 158}, ""hasType"": {""auc"": 0.9741061224489795, ""ap"": 0.9798128127064913, ""neg_fail"": 0.0, ""n_test"": 175}, ""isVariationOf"": {""auc"": 0.7825443786982248, ""ap"": 0.766771524719464, ""neg_fail"": 0.0, ""n_test"": 26}, ""recruits"": {""auc"": 0.8203661819213802, ""ap"": 0.8337317469254829, ""neg_fail"": 0.0, ""n_test"": 341}, ""requires"": {""auc"": 0.7904, ""ap"": 0.7450455844931947, ""neg_fail"": 0.0, ""n_test"": 175}, ""supportsGoal"": {""auc"": 0.9780073461891643, ""ap"": 0.9846407264526458, ""neg_fail"": 0.0, ""n_test"": 330}, ""targets"": {""auc"": 0.662530612244898, ""ap"": 0.6480786309608473, ""neg_fail"": 0.0, ""n_test"": 175}}"
transe,"TransE (translational decoder, no propagation)",0.0,17,59585,0.8553012643921734,0.8547532031085906,0.8492375575401403,0.29753613471984863,0.4625429553264605,0.7235944271087646,0.9585337915234823,0.4438163936138153,"{""hasForce"": {""auc"": 0.8355363321799308, ""ap"": 0.8365113543069445, ""neg_fail"": 0.0, ""n_test"": 170}, ""hasIntensity"": {""auc"": 0.7273795918367347, ""ap"": 0.7347401777185393, ""neg_fail"": 0.0, ""n_test"": 175}, ""hasMechanic"": {""auc"": 0.907186348341612, ""ap"": 0.9167766064024823, ""neg_fail"": 0.0, ""n_test"": 158}, ""hasType"": {""auc"": 0.9500081632653062, ""ap"": 0.958002899801496, ""neg_fail"": 0.0, ""n_test"": 175}, ""isVariationOf"": {""auc"": 0.7174556213017752, ""ap"": 0.7688702133271221, ""neg_fail"": 0.0, ""n_test"": 26}, ""recruits"": {""auc"": 0.7916856580180769, ""ap"": 0.7887890904226031, ""neg_fail"": 0.0, ""n_test"": 341}, ""requires"": {""auc"": 0.7671836734693878, ""ap"": 0.7408479618991956, ""neg_fail"": 0.0, ""n_test"": 175}, ""supportsGoal"": {""auc"": 0.987483930211203, ""ap"": 0.988413501585346, ""neg_fail"": 0.0, ""n_test"": 330}, ""targets"": {""auc"": 0.7591183673469388, ""ap"": 0.724204973317007, ""neg_fail"": 0.0, ""n_test"": 175}}"
transe,"TransE (translational decoder, no propagation)",0.0,18,59585,0.853153645111687,0.8624114261709726,0.8586989751718048,0.32144734263420105,0.4538373424971363,0.7638354897499084,0.9560137457044674,0.4715879559516907,"{""hasForce"": {""auc"": 0.8283391003460208, ""ap"": 0.8516967211793396, ""neg_fail"": 0.0, ""n_test"": 170}, ""hasIntensity"": {""auc"": 0.7565387755102041, ""ap"": 0.7540319384581734, ""neg_fail"": 0.0, ""n_test"": 175}, ""hasMechanic"": {""auc"": 0.872215991027079, ""ap"": 0.8899228607876616, ""neg_fail"": 0.0, ""n_test"": 158}, ""hasType"": {""auc"": 0.9721142857142857, ""ap"": 0.9781325056270461, ""neg_fail"": 0.0, ""n_test"": 175}, ""isVariationOf"": {""auc"": 0.7618343195266272, ""ap"": 0.759493927419953, ""neg_fail"": 0.0, ""n_test"": 26}, ""recruits"": {""auc"": 0.8243737153963244, ""ap"": 0.8223732484050488, ""neg_fail"": 0.0, ""n_test"": 341}, ""requires"": {""auc"": 0.7466448979591837, ""ap"": 0.6946400058074823, ""neg_fail"": 0.0, ""n_test"": 175}, ""supportsGoal"": {""auc"": 0.9807988980716255, ""ap"": 0.9836293524763351, ""neg_fail"": 0.0, ""n_test"": 330}, ""targets"": {""auc"": 0.7693714285714285, ""ap"": 0.7610275925148793, ""neg_fail"": 0.0, ""n_test"": 175}}"
transe,"TransE (translational decoder, no propagation)",0.0,19,59585,0.8586035176944268,0.8521534131484982,0.8519631154858311,0.31452837586402893,0.46849942726231386,0.7197110652923584,0.9573883161512028,0.43086400628089905,"{""hasForce"": {""auc"": 0.8211418685121108, ""ap"": 0.8101076053973808, ""neg_fail"": 0.0, ""n_test"": 170}, ""hasIntensity"": {""auc"": 0.7683918367346939, ""ap"": 0.7722796086909156, ""neg_fail"": 0.0, ""n_test"": 175}, ""hasMechanic"": {""auc"": 0.8908027559685947, ""ap"": 0.8940685876207418, ""neg_fail"": 0.0, ""n_test"": 158}, ""hasType"": {""auc"": 0.9632653061224491, ""ap"": 0.972748867289591, ""neg_fail"": 0.0, ""n_test"": 175}, ""isVariationOf"": {""auc"": 0.735207100591716, ""ap"": 0.7454449290938163, ""neg_fail"": 0.0, ""n_test"": 26}, ""recruits"": {""auc"": 0.8246575106853226, ""ap"": 0.8463173404910238, ""neg_fail"": 0.0, ""n_test"": 341}, ""requires"": {""auc"": 0.7428571428571429, ""ap"": 0.6955906880554729, ""neg_fail"": 0.0, ""n_test"": 175}, ""supportsGoal"": {""auc"": 0.9714325068870524, ""ap"": 0.9769329045933666, ""neg_fail"": 0.0, ""n_test"": 330}, ""targets"": {""auc"": 0.7023020408163264, ""ap"": 0.6826421848717041, ""neg_fail"": 0.0, ""n_test"": 175}}"
transe,"TransE (translational decoder, no propagation)",0.0,20,59585,0.8722098608462244,0.8503981516488133,0.8401565630096677,0.3136608898639679,0.46781214203894617,0.7786576747894287,0.9608247422680413,0.46437302231788635,"{""hasForce"": {""auc"": 0.820311418685121, ""ap"": 0.8310168777788154, ""neg_fail"": 0.0, ""n_test"": 170}, ""hasIntensity"": {""auc"": 0.7136326530612245, ""ap"": 0.6935572405980155, ""neg_fail"": 0.0, ""n_test"": 175}, ""hasMechanic"": {""auc"": 0.8718955295625701, ""ap"": 0.8820416999298757, ""neg_fail"": 0.0, ""n_test"": 158}, ""hasType"": {""auc"": 0.9567020408163265, ""ap"": 0.962622711422851, ""neg_fail"": 0.0, ""n_test"": 175}, ""isVariationOf"": {""auc"": 0.6982248520710059, ""ap"": 0.670009832488969, ""neg_fail"": 0.0, ""n_test"": 26}, ""recruits"": {""auc"": 0.8053508311762024, ""ap"": 0.7913498619727077, ""neg_fail"": 0.0, ""n_test"": 341}, ""requires"": {""auc"": 0.7080489795918367, ""ap"": 0.665095237115134, ""neg_fail"": 0.0, ""n_test"": 175}, ""supportsGoal"": {""auc"": 0.9794214876033058, ""ap"": 0.9836337223995759, ""neg_fail"": 0.0, ""n_test"": 330}, ""targets"": {""auc"": 0.7913469387755102, ""ap"": 0.7664627603058367, ""neg_fail"": 0.0, ""n_test"": 175}}"
transe,"TransE (translational decoder, no propagation)",0.0,21,59585,0.8520221037703555,0.8416685570258349,0.8364333252263789,0.24748507142066956,0.47010309278350515,0.6785674691200256,0.9603665521191295,0.4133206307888031,"{""hasForce"": {""auc"": 0.8550173010380623, ""ap"": 0.8680616215511933, ""neg_fail"": 0.0, ""n_test"": 170}, ""hasIntensity"": {""auc"": 0.6591673469387755, ""ap"": 0.6615351624034536, ""neg_fail"": 0.0, ""n_test"": 175}, ""hasMechanic"": {""auc"": 0.9189633071623137, ""ap"": 0.929023627654894, ""neg_fail"": 0.0, ""n_test"": 158}, ""hasType"": {""auc"": 0.9610775510204083, ""ap"": 0.9677072605355442, ""neg_fail"": 0.0, ""n_test"": 175}, ""isVariationOf"": {""auc"": 0.841715976331361, ""ap"": 0.7917835660774756, ""neg_fail"": 0.0, ""n_test"": 26}, ""recruits"": {""auc"": 0.8186892097591181, ""ap"": 0.8116055609615831, ""neg_fail"": 0.0, ""n_test"": 341}, ""requires"": {""auc"": 0.7260734693877552, ""ap"": 0.6809994916636203, ""neg_fail"": 0.0, ""n_test"": 175}, ""supportsGoal"": {""auc"": 0.9648025711662075, ""ap"": 0.9743175634448772, ""neg_fail"": 0.0, ""n_test"": 330}, ""targets"": {""auc"": 0.6716081632653061, ""ap"": 0.6289416568070915, ""neg_fail"": 0.0, ""n_test"": 175}}"
transe,"TransE (translational decoder, no propagation)",0.0,22,59585,0.8623594742475862,0.8548745221592102,0.8494061634026752,0.3253228962421417,0.47010309278350515,0.7371305823326111,0.9665521191294387,0.449943482875824,"{""hasForce"": {""auc"": 0.8719723183391003, ""ap"": 0.86901632651296, ""neg_fail"": 0.0, ""n_test"": 170}, ""hasIntensity"": {""auc"": 0.7444897959183673, ""ap"": 0.741046019905238, ""neg_fail"": 0.0, ""n_test"": 175}, ""hasMechanic"": {""auc"": 0.856753725364525, ""ap"": 0.8665207416879367, ""neg_fail"": 0.0, ""n_test"": 158}, ""hasType"": {""auc"": 0.9677387755102042, ""ap"": 0.9730008661189666, ""neg_fail"": 0.0, ""n_test"": 175}, ""isVariationOf"": {""auc"": 0.8224852071005917, ""ap"": 0.8321414081142586, ""neg_fail"": 0.0, ""n_test"": 26}, ""recruits"": {""auc"": 0.8059528211831684, ""ap"": 0.8191018016600946, ""neg_fail"": 0.0, ""n_test"": 341}, ""requires"": {""auc"": 0.7269877551020408, ""ap"": 0.6489146507150674, ""neg_fail"": 0.0, ""n_test"": 175}, ""supportsGoal"": {""auc"": 0.9822038567493112, ""ap"": 0.981730094531513, ""neg_fail"": 0.0, ""n_test"": 330}, ""targets"": {""auc"": 0.7516734693877551, ""ap"": 0.7528046426018054, ""neg_fail"": 0.0, ""n_test"": 175}}"
transe,"TransE (translational decoder, no propagation)",0.0,23,59585,0.8672252378546086,0.8531901701323251,0.8578808502452475,0.261141300201416,0.481786941580756,0.5523850917816162,0.9640320733104238,0.34185197949409485,"{""hasForce"": {""auc"": 0.891522491349481, ""ap"": 0.8952769206138148, ""neg_fail"": 0.0, ""n_test"": 170}, ""hasIntensity"": {""auc"": 0.7269224489795919, ""ap"": 0.7271225003017776, ""neg_fail"": 0.0, ""n_test"": 175}, ""hasMechanic"": {""auc"": 0.8574347059766064, ""ap"": 0.8755972719922698, ""neg_fail"": 0.0, ""n_test"": 158}, ""hasType"": {""auc"": 0.9567673469387755, ""ap"": 0.9656958912971569, ""neg_fail"": 0.0, ""n_test"": 175}, ""isVariationOf"": {""auc"": 0.757396449704142, ""ap"": 0.782426270444051, ""neg_fail"": 0.0, ""n_test"": 26}, ""recruits"": {""auc"": 0.814621477283477, ""ap"": 0.8281993947564765, ""neg_fail"": 0.0, ""n_test"": 341}, ""requires"": {""auc"": 0.7323755102040816, ""ap"": 0.6979502162390042, ""neg_fail"": 0.0, ""n_test"": 175}, ""supportsGoal"": {""auc"": 0.9698071625344353, ""ap"": 0.9762221801308315, ""neg_fail"": 0.0030303029343485832, ""n_test"": 330}, ""targets"": {""auc"": 0.694073469387755, ""ap"": 0.7032983207502982, ""neg_fail"": 0.0, ""n_test"": 175}}"
transe,"TransE (translational decoder, no propagation)",0.0,24,59585,0.8619030542107464,0.8621926486032345,0.8537829634083647,0.31253495812416077,0.4437571592210767,0.7736940979957581,0.9617411225658649,0.4660063683986664,"{""hasForce"": {""auc"": 0.8626643598615917, ""ap"": 0.8615834112822118, ""neg_fail"": 0.0, ""n_test"": 170}, ""hasIntensity"": {""auc"": 0.6985469387755103, ""ap"": 0.6578627776043392, ""neg_fail"": 0.0, ""n_test"": 175}, ""hasMechanic"": {""auc"": 0.9117929818939274, ""ap"": 0.919093115515797, ""neg_fail"": 0.0, ""n_test"": 158}, ""hasType"": {""auc"": 0.9528816326530614, ""ap"": 0.9636264440777308, ""neg_fail"": 0.0, ""n_test"": 175}, ""isVariationOf"": {""auc"": 0.7618343195266273, ""ap"": 0.7420916236231765, ""neg_fail"": 0.0, ""n_test"": 26}, ""recruits"": {""auc"": 0.8338593579346582, ""ap"": 0.8386832834498373, ""neg_fail"": 0.0, ""n_test"": 341}, ""requires"": {""auc"": 0.7222530612244897, ""ap"": 0.6738512438333268, ""neg_fail"": 0.0, ""n_test"": 175}, ""supportsGoal"": {""auc"": 0.9827915518824611, ""ap"": 0.9850405603768159, ""neg_fail"": 0.0, ""n_test"": 330}, ""targets"": {""auc"": 0.7904979591836735, ""ap"": 0.7575640601749234, ""neg_fail"": 0.0, ""n_test"": 175}}"
transe,"TransE (translational decoder, no propagation)",0.0,25,59585,0.8839552056335274,0.8544561226633061,0.8485402141576397,0.3176724314689636,0.47697594501718216,0.7388088703155518,0.9608247422680413,0.4108409881591797,"{""hasForce"": {""auc"": 0.8613148788927336, ""ap"": 0.8764764521113195, ""neg_fail"": 0.0, ""n_test"": 170}, ""hasIntensity"": {""auc"": 0.737534693877551, ""ap"": 0.7362126288024783, ""neg_fail"": 0.0, ""n_test"": 175}, ""hasMechanic"": {""auc"": 0.8571142445120974, ""ap"": 0.8723824923879997, ""neg_fail"": 0.0, ""n_test"": 158}, ""hasType"": {""auc"": 0.9606857142857144, ""ap"": 0.9682224411282043, ""neg_fail"": 0.0, ""n_test"": 175}, ""isVariationOf"": {""auc"": 0.8875739644970414, ""ap"": 0.8749751289693776, ""neg_fail"": 0.0, ""n_test"": 26}, ""recruits"": {""auc"": 0.8274868637180623, ""ap"": 0.8315851228712248, ""neg_fail"": 0.0, ""n_test"": 341}, ""requires"": {""auc"": 0.7293714285714286, ""ap"": 0.6874874731145144, ""neg_fail"": 0.0, ""n_test"": 175}, ""supportsGoal"": {""auc"": 0.9633057851239669, ""ap"": 0.9690094780692012, ""neg_fail"": 0.0, ""n_test"": 330}, ""targets"": {""auc"": 0.7782857142857142, ""ap"": 0.757716328541703, ""neg_fail"": 0.0, ""n_test"": 175}}"
transe,"TransE (translational decoder, no propagation)",0.0,26,59585,0.8711781613879515,0.8568764545263599,0.8480349040534119,0.3392105996608734,0.47193585337915234,0.748291552066803,0.9567010309278351,0.4332678020000458,"{""hasForce"": {""auc"": 0.8290657439446367, ""ap"": 0.8432755959619078, ""neg_fail"": 0.0, ""n_test"": 170}, ""hasIntensity"": {""auc"": 0.7647673469387755, ""ap"": 0.7507429424960974, ""neg_fail"": 0.0, ""n_test"": 175}, ""hasMechanic"": {""auc"": 0.8697324146771351, ""ap"": 0.8754476351865733, ""neg_fail"": 0.0, ""n_test"": 158}, ""hasType"": {""auc"": 0.959869387755102, ""ap"": 0.9658614366443213, ""neg_fail"": 0.0, ""n_test"": 175}, ""isVariationOf"": {""auc"": 0.9215976331360947, ""ap"": 0.9235702092016174, ""neg_fail"": 0.0, ""n_test"": 26}, ""recruits"": {""auc"": 0.7998555223983281, ""ap"": 0.7996595053244848, ""neg_fail"": 0.0, ""n_test"": 341}, ""requires"": {""auc"": 0.7900081632653061, ""ap"": 0.7510606133676618, ""neg_fail"": 0.0, ""n_test"": 175}, ""supportsGoal"": {""auc"": 0.9753994490358128, ""ap"": 0.9798113335346348, ""neg_fail"": 0.0, ""n_test"": 330}, ""targets"": {""auc"": 0.7369795918367347, ""ap"": 0.722831977561873, ""neg_fail"": 0.0, ""n_test"": 175}}"
transe,"TransE (translational decoder, no propagation)",0.0,27,59585,0.869857803424237,0.8581395505145977,0.8547405615829411,0.28335052728652954,0.46895761741122566,0.7070932984352112,0.9624284077892326,0.4281006455421448,"{""hasForce"": {""auc"": 0.8636678200692042, ""ap"": 0.8743861906063557, ""neg_fail"": 0.0, ""n_test"": 170}, ""hasIntensity"": {""auc"": 0.7224163265306123, ""ap"": 0.7112127591144198, ""neg_fail"": 0.0, ""n_test"": 175}, ""hasMechanic"": {""auc"": 0.8905223521871496, ""ap"": 0.8928597988357173, ""neg_fail"": 0.0, ""n_test"": 158}, ""hasType"": {""auc"": 0.9582693877551021, ""ap"": 0.9703433650235648, ""neg_fail"": 0.0, ""n_test"": 175}, ""isVariationOf"": {""auc"": 0.7559171597633136, ""ap"": 0.7544812594578967, ""neg_fail"": 0.0, ""n_test"": 26}, ""recruits"": {""auc"": 0.8476535289514193, ""ap"": 0.8460275948872928, ""neg_fail"": 0.0, ""n_test"": 341}, ""requires"": {""auc"": 0.6887183673469388, ""ap"": 0.6328263683885478, ""neg_fail"": 0.0, ""n_test"": 175}, ""supportsGoal"": {""auc"": 0.9818181818181819, ""ap"": 0.9830528644149674, ""neg_fail"": 0.0, ""n_test"": 330}, ""targets"": {""auc"": 0.7515755102040816, ""ap"": 0.7252327047328022, ""neg_fail"": 0.0, ""n_test"": 175}}"
transe,"TransE (translational decoder, no propagation)",0.0,28,59585,0.8655055123586592,0.8484637681159419,0.8494333773829124,0.26170018315315247,0.46735395189003437,0.6764712333679199,0.9621993127147767,0.4215361475944519,"{""hasForce"": {""auc"": 0.8279584775086505, ""ap"": 0.8303661441983562, ""neg_fail"": 0.0, ""n_test"": 170}, ""hasIntensity"": {""auc"": 0.7415510204081632, ""ap"": 0.7652169589354141, ""neg_fail"": 0.0, ""n_test"": 175}, ""hasMechanic"": {""auc"": 0.8567937830475886, ""ap"": 0.8738713955486496, ""neg_fail"": 0.0, ""n_test"": 158}, ""hasType"": {""auc"": 0.9662040816326529, ""ap"": 0.9746848163838193, ""neg_fail"": 0.0, ""n_test"": 175}, ""isVariationOf"": {""auc"": 0.7588757396449705, ""ap"": 0.7320912226673287, ""neg_fail"": 0.0, ""n_test"": 26}, ""recruits"": {""auc"": 0.8039318547312115, ""ap"": 0.8132575053400234, ""neg_fail"": 0.0, ""n_test"": 341}, ""requires"": {""auc"": 0.7092244897959183, ""ap"": 0.661073329730591, ""neg_fail"": 0.0, ""n_test"": 175}, ""supportsGoal"": {""auc"": 0.9823324150596878, ""ap"": 0.9875285848085336, ""neg_fail"": 0.0, ""n_test"": 330}, ""targets"": {""auc"": 0.6967510204081633, ""ap"": 0.6860790090866384, ""neg_fail"": 0.0, ""n_test"": 175}}"
transe,"TransE (translational decoder, no propagation)",0.0,29,59585,0.8747534516765286,0.8599810123923545,0.8594266338738552,0.30594775080680847,0.4648339060710195,0.7239317893981934,0.9626575028636885,0.44694381952285767,"{""hasForce"": {""auc"": 0.8678546712802768, ""ap"": 0.8762553498029895, ""neg_fail"": 0.0, ""n_test"": 170}, ""hasIntensity"": {""auc"": 0.7320163265306122, ""ap"": 0.7402458947600128, ""neg_fail"": 0.0, ""n_test"": 175}, ""hasMechanic"": {""auc"": 0.93378464989585, ""ap"": 0.9367798505496132, ""neg_fail"": 0.0, ""n_test"": 158}, ""hasType"": {""auc"": 0.9653224489795919, ""ap"": 0.9755485465522341, ""neg_fail"": 0.0, ""n_test"": 175}, ""isVariationOf"": {""auc"": 0.8505917159763314, ""ap"": 0.8471691271940905, ""neg_fail"": 0.0, ""n_test"": 26}, ""recruits"": {""auc"": 0.8153782647208057, ""ap"": 0.8116383378821526, ""neg_fail"": 0.0, ""n_test"": 341}, ""requires"": {""auc"": 0.7407346938775511, ""ap"": 0.7269324200842666, ""neg_fail"": 0.0, ""n_test"": 175}, ""supportsGoal"": {""auc"": 0.9742791551882461, ""ap"": 0.979731355729367, ""neg_fail"": 0.0, ""n_test"": 330}, ""targets"": {""auc"": 0.734857142857143, ""ap"": 0.7241476154250577, ""neg_fail"": 0.0, ""n_test"": 175}}"
complex,"ComplEx (complex bilinear decoder, no propagation)",0.0,0,59584,0.8972457224205477,0.8791820205839109,0.8615065004973976,0.26626312732696533,0.5097365406643757,0.6732894778251648,0.9761741122565865,0.3632763624191284,"{""hasForce"": {""auc"": 0.9347404844290659, ""ap"": 0.9245523809401239, ""neg_fail"": 0.0, ""n_test"": 170}, ""hasIntensity"": {""auc"": 0.7977795918367347, ""ap"": 0.7434504664716249, ""neg_fail"": 0.0, ""n_test"": 175}, ""hasMechanic"": {""auc"": 0.9351466111200127, ""ap"": 0.9325894014031771, ""neg_fail"": 0.0, ""n_test"": 158}, ""hasType"": {""auc"": 0.9638204081632653, ""ap"": 0.9490163141013714, ""neg_fail"": 0.0, ""n_test"": 175}, ""isVariationOf"": {""auc"": 0.7988165680473374, ""ap"": 0.7719636100888788, ""neg_fail"": 0.0, ""n_test"": 26}, ""recruits"": {""auc"": 0.8156878595815309, ""ap"": 0.8164505526912658, ""neg_fail"": 0.0, ""n_test"": 341}, ""requires"": {""auc"": 0.7555265306122448, ""ap"": 0.7221881189597257, ""neg_fail"": 0.0, ""n_test"": 175}, ""supportsGoal"": {""auc"": 0.9564646464646466, ""ap"": 0.929651984032229, ""neg_fail"": 0.0, ""n_test"": 330}, ""targets"": {""auc"": 0.7912489795918367, ""ap"": 0.8040233652652209, ""neg_fail"": 0.0, ""n_test"": 175}}"
complex,"ComplEx (complex bilinear decoder, no propagation)",0.0,1,59584,0.8979425780125081,0.8666693551774838,0.8434529215361419,0.2221110761165619,0.454524627720504,0.6562203764915466,0.9702176403207331,0.34974563121795654,"{""hasForce"": {""auc"": 0.9075432525951558, ""ap"": 0.9011709295329828, ""neg_fail"": 0.0, ""n_test"": 170}, ""hasIntensity"": {""auc"": 0.8266448979591837, ""ap"": 0.7551306918794571, ""neg_fail"": 0.0, ""n_test"": 175}, ""hasMechanic"": {""auc"": 0.8978128505047268, ""ap"": 0.8986592905597884, ""neg_fail"": 0.0, ""n_test"": 158}, ""hasType"": {""auc"": 0.9673142857142857, ""ap"": 0.9575073358125619, ""neg_fail"": 0.0, ""n_test"": 175}, ""isVariationOf"": {""auc"": 0.8210059171597633, ""ap"": 0.7507002308830835, ""neg_fail"": 0.0, ""n_test"": 26}, ""recruits"": {""auc"": 0.8367059106818827, ""ap"": 0.8277184649493621, ""neg_fail"": 0.0, ""n_test"": 341}, ""requires"": {""auc"": 0.681665306122449, ""ap"": 0.6757021136565704, ""neg_fail"": 0.0, ""n_test"": 175}, ""supportsGoal"": {""auc"": 0.9380165289256198, ""ap"": 0.913299361237773, ""neg_fail"": 0.0, ""n_test"": 330}, ""targets"": {""auc"": 0.7818122448979592, ""ap"": 0.7643484337050825, ""neg_fail"": 0.0, ""n_test"": 175}}"
complex,"ComplEx (complex bilinear decoder, no propagation)",0.0,2,59584,0.8905665042028679,0.8827849611426171,0.8641308014922989,0.26788848638534546,0.4829324169530355,0.7049782276153564,0.9759450171821306,0.3821881413459778,"{""hasForce"": {""auc"": 0.9132871972318338, ""ap"": 0.9221256398334441, ""neg_fail"": 0.0, ""n_test"": 170}, ""hasIntensity"": {""auc"": 0.8147591836734693, ""ap"": 0.7186386726110161, ""neg_fail"": 0.0, ""n_test"": 175}, ""hasMechanic"": {""auc"": 0.9477647812850505, ""ap"": 0.9509802139703136, ""neg_fail"": 0.0, ""n_test"": 158}, ""hasType"": {""auc"": 0.9643755102040816, ""ap"": 0.9530225801170826, ""neg_fail"": 0.0, ""n_test"": 175}, ""isVariationOf"": {""auc"": 0.7056213017751479, ""ap"": 0.6825122340889441, ""neg_fail"": 0.0, ""n_test"": 26}, ""recruits"": {""auc"": 0.834340949940231, ""ap"": 0.8328659053284759, ""neg_fail"": 0.0, ""n_test"": 341}, ""requires"": {""auc"": 0.7766857142857143, ""ap"": 0.7577962796863542, ""neg_fail"": 0.0, ""n_test"": 175}, ""supportsGoal"": {""auc"": 0.9561248852157943, ""ap"": 0.9281192648698047, ""neg_fail"": 0.0, ""n_test"": 330}, ""targets"": {""auc"": 0.7730612244897959, ""ap"": 0.7433233444122611, ""neg_fail"": 0.0, ""n_test"": 175}}"
complex,"ComplEx (complex bilinear decoder, no propagation)",0.0,3,59584,0.8845909335419825,0.8736927536231883,0.8569949325792472,0.19858309626579285,0.42016036655211914,0.5307098031044006,0.9626575028636885,0.2918108403682709,"{""hasForce"": {""auc"": 0.8640138408304499, ""ap"": 0.8675353518873665, ""neg_fail"": 0.0, ""n_test"": 170}, ""hasIntensity"": {""auc"": 0.8710204081632653, ""ap"": 0.8148886098015498, ""neg_fail"": 0.0, ""n_test"": 175}, ""hasMechanic"": {""auc"": 0.956056721679218, ""ap"": 0.9545770438032823, ""neg_fail"": 0.0, ""n_test"": 158}, ""hasType"": {""auc"": 0.9606857142857143, ""ap"": 0.9483820262040075, ""neg_fail"": 0.0, ""n_test"": 175}, ""isVariationOf"": {""auc"": 0.6538461538461539, ""ap"": 0.6059573426320504, ""neg_fail"": 0.0, ""n_test"": 26}, ""recruits"": {""auc"": 0.844342583913107, ""ap"": 0.8431517754987716, ""neg_fail"": 0.0, ""n_test"": 341}, ""requires"": {""auc"": 0.7432489795918369, ""ap"": 0.7445709248315178, ""neg_fail"": 0.0, ""n_test"": 175}, ""supportsGoal"": {""auc"": 0.942791551882461, ""ap"": 0.9241834068212575, ""neg_fail"": 0.0, ""n_test"": 330}, ""targets"": {""auc"": 0.7226448979591837, ""ap"": 0.7092700559105333, ""neg_fail"": 0.0, ""n_test"": 175}}"
complex,"ComplEx (complex bilinear decoder, no propagation)",0.0,4,59584,0.8794833759868725,0.868873766015543,0.8570410832324844,0.2831982970237732,0.513631156930126,0.782313346862793,0.9709049255441008,0.4144589900970459,"{""hasForce"": {""auc"": 0.9069204152249135, ""ap"": 0.9059965259866131, ""neg_fail"": 0.0, ""n_test"": 170}, ""hasIntensity"": {""auc"": 0.8191673469387755, ""ap"": 0.7921989021928092, ""neg_fail"": 0.0, ""n_test"": 175}, ""hasMechanic"": {""auc"": 0.8980131389200449, ""ap"": 0.8962473844270981, ""neg_fail"": 0.0, ""n_test"": 158}, ""hasType"": {""auc"": 0.9512489795918367, ""ap"": 0.9387770000771608, ""neg_fail"": 0.0, ""n_test"": 175}, ""isVariationOf"": {""auc"": 0.7973372781065088, ""ap"": 0.8199354837310404, ""neg_fail"": 0.0, ""n_test"": 26}, ""recruits"": {""auc"": 0.8249585056888055, ""ap"": 0.8295356606683215, ""neg_fail"": 0.0, ""n_test"": 341}, ""requires"": {""auc"": 0.7032489795918367, ""ap"": 0.7123131010424205, ""neg_fail"": 0.0, ""n_test"": 175}, ""supportsGoal"": {""auc"": 0.9654591368227732, ""ap"": 0.9456322998411488, ""neg_fail"": 0.0030303029343485832, ""n_test"": 330}, ""targets"": {""auc"": 0.7489632653061224, ""ap"": 0.7497725769789356, ""neg_fail"": 0.0, ""n_test"": 175}}"
complex,"ComplEx (complex bilinear decoder, no propagation)",0.0,5,59584,0.8762354584032905,0.8593949170342365,0.8215679751505212,0.27456212043762207,0.4753722794959908,0.7397913932800293,0.9688430698739977,0.3872006833553314,"{""hasForce"": {""auc"": 0.8696193771626297, ""ap"": 0.8360229255722311, ""neg_fail"": 0.0, ""n_test"": 170}, ""hasIntensity"": {""auc"": 0.8625632653061225, ""ap"": 0.7867256692837782, ""neg_fail"": 0.0, ""n_test"": 175}, ""hasMechanic"": {""auc"": 0.9750040057683064, ""ap"": 0.976088929045374, ""neg_fail"": 0.0, ""n_test"": 158}, ""hasType"": {""auc"": 0.9284571428571428, ""ap"": 0.8913941610174759, ""neg_fail"": 0.0, ""n_test"": 175}, ""isVariationOf"": {""auc"": 0.6568047337278107, ""ap"": 0.6336005447179833, ""neg_fail"": 0.0, ""n_test"": 26}, ""recruits"": {""auc"": 0.8194631969109313, ""ap"": 0.8167010399204037, ""neg_fail"": 0.0, ""n_test"": 341}, ""requires"": {""auc"": 0.7179755102040816, ""ap"": 0.6865808137833964, ""neg_fail"": 0.0, ""n_test"": 175}, ""supportsGoal"": {""auc"": 0.9282093663911847, ""ap"": 0.8797496787612864, ""neg_fail"": 0.0, ""n_test"": 330}, ""targets"": {""auc"": 0.7519346938775511, ""ap"": 0.7340969982536112, ""neg_fail"": 0.0, ""n_test"": 175}}"
complex,"ComplEx (complex bilinear decoder, no propagation)",0.0,6,59584,0.8827380855352884,0.8626671707624449,0.8408222937336539,0.29046908020973206,0.5120274914089347,0.7798150777816772,0.9743413516609393,0.41412782669067383,"{""hasForce"": {""auc"": 0.9201730103806229, ""ap"": 0.9267046427556548, ""neg_fail"": 0.0, ""n_test"": 170}, ""hasIntensity"": {""auc"": 0.7596734693877552, ""ap"": 0.6587480264528861, ""neg_fail"": 0.0, ""n_test"": 175}, ""hasMechanic"": {""auc"": 0.9416359557763179, ""ap"": 0.9423915827519375, ""neg_fail"": 0.0, ""n_test"": 158}, ""hasType"": {""auc"": 0.9419102040816326, ""ap"": 0.9260503758820436, ""neg_fail"": 0.0, ""n_test"": 175}, ""isVariationOf"": {""auc"": 0.4778106508875739, ""ap"": 0.5410727470199839, ""neg_fail"": 0.0, ""n_test"": 26}, ""recruits"": {""auc"": 0.8266698772800372, ""ap"": 0.8249123441586244, ""neg_fail"": 0.0, ""n_test"": 341}, ""requires"": {""auc"": 0.7330285714285716, ""ap"": 0.7289923937298275, ""neg_fail"": 0.0, ""n_test"": 175}, ""supportsGoal"": {""auc"": 0.9354545454545455, ""ap"": 0.8996954250296677, ""neg_fail"": 0.0, ""n_test"": 330}, ""targets"": {""auc"": 0.795004081632653, ""ap"": 0.7922536077502169, ""neg_fail"": 0.0, ""n_test"": 175}}"
complex,"ComplEx (complex bilinear decoder, no propagation)",0.0,7,59584,0.8741937937742132,0.8706651543793321,0.8514737078578715,0.29045069217681885,0.48041237113402063,0.7025265693664551,0.9676975945017182,0.3753272593021393,"{""hasForce"": {""auc"": 0.9361245674740484, ""ap"": 0.9284235968297234, ""neg_fail"": 0.0, ""n_test"": 170}, ""hasIntensity"": {""auc"": 0.8138122448979592, ""ap"": 0.7236770787568718, ""neg_fail"": 0.0, ""n_test"": 175}, ""hasMechanic"": {""auc"": 0.8907626982855311, ""ap"": 0.8873258232280484, ""neg_fail"": 0.0, ""n_test"": 158}, ""hasType"": {""auc"": 0.9512489795918367, ""ap"": 0.9218280272112985, ""neg_fail"": 0.0, ""n_test"": 175}, ""isVariationOf"": {""auc"": 0.6878698224852071, ""ap"": 0.7128423709294154, ""neg_fail"": 0.0, ""n_test"": 26}, ""recruits"": {""auc"": 0.8208907732131647, ""ap"": 0.8068389480922118, ""neg_fail"": 0.0, ""n_test"": 341}, ""requires"": {""auc"": 0.7202612244897959, ""ap"": 0.7051029070517096, ""neg_fail"": 0.0, ""n_test"": 175}, ""supportsGoal"": {""auc"": 0.9473002754820936, ""ap"": 0.9268586424361445, ""neg_fail"": 0.0, ""n_test"": 330}, ""targets"": {""auc"": 0.8042448979591837, ""ap"": 0.7967735695265501, ""neg_fail"": 0.0, ""n_test"": 175}}"
complex,"ComplEx (complex bilinear decoder, no propagation)",0.0,8,59584,0.8876975782570188,0.8629971854652385,0.8321670904409422,0.2643064856529236,0.48911798396334477,0.6594213843345642,0.9722794959908362,0.3545452654361725,"{""hasForce"": {""auc"": 0.9222145328719723, ""ap"": 0.9062284169204796, ""neg_fail"": 0.0, ""n_test"": 170}, ""hasIntensity"": {""auc"": 0.861126530612245, ""ap"": 0.7899018104156033, ""neg_fail"": 0.0, ""n_test"": 175}, ""hasMechanic"": {""auc"": 0.9024995994231694, ""ap"": 0.9039713360241162, ""neg_fail"": 0.0, ""n_test"": 158}, ""hasType"": {""auc"": 0.9395918367346939, ""ap"": 0.9170478711475311, ""neg_fail"": 0.0, ""n_test"": 175}, ""isVariationOf"": {""auc"": 0.5946745562130178, ""ap"": 0.6114499673968361, ""neg_fail"": 0.0, ""n_test"": 26}, ""recruits"": {""auc"": 0.7926230424574952, ""ap"": 0.7645643068043438, ""neg_fail"": 0.0, ""n_test"": 341}, ""requires"": {""auc"": 0.7574204081632653, ""ap"": 0.718836243274463, ""neg_fail"": 0.0, ""n_test"": 175}, ""supportsGoal"": {""auc"": 0.9416345270890725, ""ap"": 0.9102362985566887, ""neg_fail"": 0.0, ""n_test"": 330}, ""targets"": {""auc"": 0.7589877551020408, ""ap"": 0.7425067060238347, ""neg_fail"": 0.0, ""n_test"": 175}}"
complex,"ComplEx (complex bilinear decoder, no propagation)",0.0,9,59584,0.8853720094978836,0.8721841629909682,0.8447985474887669,0.26859045028686523,0.534020618556701,0.6729998588562012,0.9580756013745705,0.34671729803085327,"{""hasForce"": {""auc"": 0.8994463667820068, ""ap"": 0.8829875362122178, ""neg_fail"": 0.0, ""n_test"": 170}, ""hasIntensity"": {""auc"": 0.8536489795918368, ""ap"": 0.7824290589949219, ""neg_fail"": 0.0, ""n_test"": 175}, ""hasMechanic"": {""auc"": 0.9252523634033007, ""ap"": 0.9257197542959078, ""neg_fail"": 0.0, ""n_test"": 158}, ""hasType"": {""auc"": 0.9550367346938775, ""ap"": 0.9405199385565034, ""neg_fail"": 0.0, ""n_test"": 175}, ""isVariationOf"": {""auc"": 0.7470414201183432, ""ap"": 0.7449056355456734, ""neg_fail"": 0.0, ""n_test"": 26}, ""recruits"": {""auc"": 0.8245371126839295, ""ap"": 0.8047474417717075, ""neg_fail"": 0.0, ""n_test"": 341}, ""requires"": {""auc"": 0.7415183673469388, ""ap"": 0.7388146293620137, ""neg_fail"": 0.0, ""n_test"": 175}, ""supportsGoal"": {""auc"": 0.9386776859504131, ""ap"": 0.8941157936481237, ""neg_fail"": 0.0, ""n_test"": 330}, ""targets"": {""auc"": 0.812734693877551, ""ap"": 0.8252276448848821, ""neg_fail"": 0.0, ""n_test"": 175}}"
complex,"ComplEx (complex bilinear decoder, no propagation)",0.0,10,59584,0.8877451220108563,0.8826149128334384,0.8564098259889992,0.2681156396865845,0.4824742268041237,0.671372652053833,0.9757159221076747,0.3729037046432495,"{""hasForce"": {""auc"": 0.914083044982699, ""ap"": 0.8878085637896074, ""neg_fail"": 0.0, ""n_test"": 170}, ""hasIntensity"": {""auc"": 0.8402285714285714, ""ap"": 0.7669647554338932, ""neg_fail"": 0.0, ""n_test"": 175}, ""hasMechanic"": {""auc"": 0.9725204294183624, ""ap"": 0.972128490876021, ""neg_fail"": 0.0, ""n_test"": 158}, ""hasType"": {""auc"": 0.9530448979591837, ""ap"": 0.9343519737197934, ""neg_fail"": 0.0, ""n_test"": 175}, ""isVariationOf"": {""auc"": 0.6272189349112426, ""ap"": 0.6285553467575212, ""neg_fail"": 0.0, ""n_test"": 26}, ""recruits"": {""auc"": 0.8381248871268737, ""ap"": 0.8268726398982442, ""neg_fail"": 0.0, ""n_test"": 341}, ""requires"": {""auc"": 0.7142204081632653, ""ap"": 0.7219534710094621, ""neg_fail"": 0.0, ""n_test"": 175}, ""supportsGoal"": {""auc"": 0.9565472910927457, ""ap"": 0.9220348358813175, ""neg_fail"": 0.0, ""n_test"": 330}, ""targets"": {""auc"": 0.7693061224489797, ""ap"": 0.7335679768395797, ""neg_fail"": 0.0, ""n_test"": 175}}"
complex,"ComplEx (complex bilinear decoder, no propagation)",0.0,11,59584,0.884134513505143,0.8723632850241546,0.8557060157853963,0.21337300539016724,0.5120274914089347,0.5300925374031067,0.9633447880870561,0.27633586525917053,"{""hasForce"": {""auc"": 0.903356401384083, ""ap"": 0.8781530589443282, ""neg_fail"": 0.0, ""n_test"": 170}, ""hasIntensity"": {""auc"": 0.7631020408163265, ""ap"": 0.7253060284948226, ""neg_fail"": 0.0, ""n_test"": 175}, ""hasMechanic"": {""auc"": 0.9317817657426695, ""ap"": 0.933731619815778, ""neg_fail"": 0.0, ""n_test"": 158}, ""hasType"": {""auc"": 0.9411265306122449, ""ap"": 0.9150872594460425, ""neg_fail"": 0.0, ""n_test"": 175}, ""isVariationOf"": {""auc"": 0.6701183431952663, ""ap"": 0.6455600351744326, ""neg_fail"": 0.0, ""n_test"": 26}, ""recruits"": {""auc"": 0.8464495489374877, ""ap"": 0.8205392751632437, ""neg_fail"": 0.0, ""n_test"": 341}, ""requires"": {""auc"": 0.7392000000000001, ""ap"": 0.749143371457478, ""neg_fail"": 0.0, ""n_test"": 175}, ""supportsGoal"": {""auc"": 0.9498438934802571, ""ap"": 0.9350649360574095, ""neg_fail"": 0.0, ""n_test"": 330}, ""targets"": {""auc"": 0.7990857142857143, ""ap"": 0.8190669512915335, ""neg_fail"": 0.0, ""n_test"": 175}}"
complex,"ComplEx (complex bilinear decoder, no propagation)",0.0,12,59584,0.8834852016670197,0.8672830077714767,0.8509837360868916,0.2090211808681488,0.4666666666666667,0.6612398624420166,0.9642611683848797,0.36431023478507996,"{""hasForce"": {""auc"": 0.8761591695501729, ""ap"": 0.8614686211331802, ""neg_fail"": 0.0, ""n_test"": 170}, ""hasIntensity"": {""auc"": 0.8500897959183673, ""ap"": 0.7844548601165804, ""neg_fail"": 0.0, ""n_test"": 175}, ""hasMechanic"": {""auc"": 0.9421567056561448, ""ap"": 0.9420968106883807, ""neg_fail"": 0.0, ""n_test"": 158}, ""hasType"": {""auc"": 0.9508897959183673, ""ap"": 0.941849313388124, ""neg_fail"": 0.0, ""n_test"": 175}, ""isVariationOf"": {""auc"": 0.7174556213017751, ""ap"": 0.783122697218036, ""neg_fail"": 0.0, ""n_test"": 26}, ""recruits"": {""auc"": 0.8179582218935166, ""ap"": 0.8217811290214991, ""neg_fail"": 0.0, ""n_test"": 341}, ""requires"": {""auc"": 0.749257142857143, ""ap"": 0.7153884317664685, ""neg_fail"": 0.0, ""n_test"": 175}, ""supportsGoal"": {""auc"": 0.9567401285583104, ""ap"": 0.9437739851856742, ""neg_fail"": 0.0, ""n_test"": 330}, ""targets"": {""auc"": 0.7050448979591838, ""ap"": 0.7008070864398515, ""neg_fail"": 0.0, ""n_test"": 175}}"
complex,"ComplEx (complex bilinear decoder, no propagation)",0.0,13,59584,0.8895219000114105,0.8773792060491494,0.860446709616632,0.27775120735168457,0.4927835051546392,0.7385232448577881,0.9722794959908362,0.396925687789917,"{""hasForce"": {""auc"": 0.9406228373702423, ""ap"": 0.929490528534549, ""neg_fail"": 0.0, ""n_test"": 170}, ""hasIntensity"": {""auc"": 0.8263183673469388, ""ap"": 0.8015497414466457, ""neg_fail"": 0.0, ""n_test"": 175}, ""hasMechanic"": {""auc"": 0.9093094055439834, ""ap"": 0.9076707453942054, ""neg_fail"": 0.0, ""n_test"": 158}, ""hasType"": {""auc"": 0.9722448979591836, ""ap"": 0.9666891299601504, ""neg_fail"": 0.0, ""n_test"": 175}, ""isVariationOf"": {""auc"": 0.6642011834319527, ""ap"": 0.6686073239874032, ""neg_fail"": 0.0, ""n_test"": 26}, ""recruits"": {""auc"": 0.8298002253162597, ""ap"": 0.8238440305435831, ""neg_fail"": 0.0, ""n_test"": 341}, ""requires"": {""auc"": 0.7817469387755102, ""ap"": 0.7681038217373571, ""neg_fail"": 0.0, ""n_test"": 175}, ""supportsGoal"": {""auc"": 0.9377089072543618, ""ap"": 0.908882529989809, ""neg_fail"": 0.0030303029343485832, ""n_test"": 330}, ""targets"": {""auc"": 0.7757061224489795, ""ap"": 0.7881355652703954, ""neg_fail"": 0.0, ""n_test"": 175}}"
complex,"ComplEx (complex bilinear decoder, no propagation)",0.0,14,59584,0.8828087219695613,0.8881371140516698,0.8688850244514223,0.2652309834957123,0.5239404352806415,0.7199029922485352,0.9672394043528064,0.3951541483402252,"{""hasForce"": {""auc"": 0.9058477508650519, ""ap"": 0.9048885986436229, ""neg_fail"": 0.0, ""n_test"": 170}, ""hasIntensity"": {""auc"": 0.860473469387755, ""ap"": 0.7850332440679291, ""neg_fail"": 0.0, ""n_test"": 175}, ""hasMechanic"": {""auc"": 0.969676333920846, ""ap"": 0.9702694443538012, ""neg_fail"": 0.0, ""n_test"": 158}, ""hasType"": {""auc"": 0.9636897959183673, ""ap"": 0.9455254910772815, ""neg_fail"": 0.0, ""n_test"": 175}, ""isVariationOf"": {""auc"": 0.5931952662721893, ""ap"": 0.6807244962006358, ""neg_fail"": 0.0, ""n_test"": 26}, ""recruits"": {""auc"": 0.8640190572836491, ""ap"": 0.8618356529211687, ""neg_fail"": 0.0, ""n_test"": 341}, ""requires"": {""auc"": 0.746873469387755, ""ap"": 0.7224127121181084, ""neg_fail"": 0.0, ""n_test"": 175}, ""supportsGoal"": {""auc"": 0.9452708907254361, ""ap"": 0.9220744606314802, ""neg_fail"": 0.0030303029343485832, ""n_test"": 330}, ""targets"": {""auc"": 0.790269387755102, ""ap"": 0.803425993472588, ""neg_fail"": 0.0, ""n_test"": 175}}"
complex,"ComplEx (complex bilinear decoder, no propagation)",0.0,15,59584,0.8794453409838026,0.8753828187355597,0.8554930581763346,0.18591444194316864,0.4281786941580756,0.5114171504974365,0.9688430698739977,0.28533393144607544,"{""hasForce"": {""auc"": 0.9276470588235295, ""ap"": 0.9110033783337647, ""neg_fail"": 0.0, ""n_test"": 170}, ""hasIntensity"": {""auc"": 0.8201469387755101, ""ap"": 0.7609267081715159, ""neg_fail"": 0.0, ""n_test"": 175}, ""hasMechanic"": {""auc"": 0.9409549751642365, ""ap"": 0.9371935272473697, ""neg_fail"": 0.0, ""n_test"": 158}, ""hasType"": {""auc"": 0.9600979591836735, ""ap"": 0.9442400212687387, ""neg_fail"": 0.0, ""n_test"": 175}, ""isVariationOf"": {""auc"": 0.7825443786982249, ""ap"": 0.8133468222427458, ""neg_fail"": 0.0, ""n_test"": 26}, ""recruits"": {""auc"": 0.7974905616566765, ""ap"": 0.7968901775120932, ""neg_fail"": 0.0, ""n_test"": 341}, ""requires"": {""auc"": 0.7360653061224489, ""ap"": 0.7366199246515064, ""neg_fail"": 0.0, ""n_test"": 175}, ""supportsGoal"": {""auc"": 0.9460789715335169, ""ap"": 0.9199331795724544, ""neg_fail"": 0.0, ""n_test"": 330}, ""targets"": {""auc"": 0.7885714285714287, ""ap"": 0.7770547500833751, ""neg_fail"": 0.0, ""n_test"": 175}}"
complex,"ComplEx (complex bilinear decoder, no propagation)",0.0,16,59584,0.8915635646404877,0.8754964083175804,0.8586111433559909,0.25958046317100525,0.5058419243986254,0.6458824872970581,0.97709049255441,0.3629636764526367,"{""hasForce"": {""auc"": 0.9002768166089965, ""ap"": 0.8913809941015893, ""neg_fail"": 0.0, ""n_test"": 170}, ""hasIntensity"": {""auc"": 0.746938775510204, ""ap"": 0.6727779309219124, ""neg_fail"": 0.0, ""n_test"": 175}, ""hasMechanic"": {""auc"": 0.965870854029803, ""ap"": 0.9673265107186982, ""neg_fail"": 0.0, ""n_test"": 158}, ""hasType"": {""auc"": 0.9591510204081634, ""ap"": 0.9514237461523075, ""neg_fail"": 0.0, ""n_test"": 175}, ""isVariationOf"": {""auc"": 0.8002958579881656, ""ap"": 0.7866317861222056, ""neg_fail"": 0.0, ""n_test"": 26}, ""recruits"": {""auc"": 0.834874141089258, ""ap"": 0.8322733376443573, ""neg_fail"": 0.0, ""n_test"": 341}, ""requires"": {""auc"": 0.7429551020408164, ""ap"": 0.7270074420385906, ""neg_fail"": 0.0, ""n_test"": 175}, ""supportsGoal"": {""auc"": 0.9532690541781451, ""ap"": 0.928523920200748, ""neg_fail"": 0.0, ""n_test"": 330}, ""targets"": {""auc"": 0.7803755102040817, ""ap"": 0.7737813959216716, ""neg_fail"": 0.0, ""n_test"": 175}}"
complex,"ComplEx (complex bilinear decoder, no propagation)",0.0,17,59584,0.8836522840019343,0.8747301827347196,0.8553428441218098,0.2580863833427429,0.46071019473081326,0.6548009514808655,0.9722794959908362,0.3490697741508484,"{""hasForce"": {""auc"": 0.9047404844290657, ""ap"": 0.9005139490035508, ""neg_fail"": 0.0, ""n_test"": 170}, ""hasIntensity"": {""auc"": 0.8224979591836735, ""ap"": 0.7758456860073006, ""neg_fail"": 0.0, ""n_test"": 175}, ""hasMechanic"": {""auc"": 0.9466031084762057, ""ap"": 0.9475649891080573, ""neg_fail"": 0.0, ""n_test"": 158}, ""hasType"": {""auc"": 0.9570938775510204, ""ap"": 0.940026622794047, ""neg_fail"": 0.0, ""n_test"": 175}, ""isVariationOf"": {""auc"": 0.6227810650887574, ""ap"": 0.6386091010928342, ""neg_fail"": 0.0, ""n_test"": 26}, ""recruits"": {""auc"": 0.8214755635056458, ""ap"": 0.8042254886981456, ""neg_fail"": 0.0, ""n_test"": 341}, ""requires"": {""auc"": 0.7501061224489797, ""ap"": 0.7665582590014892, ""neg_fail"": 0.0, ""n_test"": 175}, ""supportsGoal"": {""auc"": 0.9466299357208448, ""ap"": 0.9181629067960388, ""neg_fail"": 0.0, ""n_test"": 330}, ""targets"": {""auc"": 0.7877877551020408, ""ap"": 0.7735521902848665, ""neg_fail"": 0.0, ""n_test"": 175}}"
complex,"ComplEx (complex bilinear decoder, no propagation)",0.0,18,59584,0.8718546410854103,0.8632159630329762,0.8399119254374148,0.23130758106708527,0.49713631156930127,0.5943785905838013,0.9633447880870561,0.33681198954582214,"{""hasForce"": {""auc"": 0.8274048442906574, ""ap"": 0.7872768139049924, ""neg_fail"": 0.0, ""n_test"": 170}, ""hasIntensity"": {""auc"": 0.867265306122449, ""ap"": 0.8083472710913122, ""neg_fail"": 0.0, ""n_test"": 175}, ""hasMechanic"": {""auc"": 0.9071462906585483, ""ap"": 0.904197877464427, ""neg_fail"": 0.0, ""n_test"": 158}, ""hasType"": {""auc"": 0.9660734693877551, ""ap"": 0.9523671032580845, ""neg_fail"": 0.0, ""n_test"": 175}, ""isVariationOf"": {""auc"": 0.6538461538461539, ""ap"": 0.6744856356156234, ""neg_fail"": 0.0, ""n_test"": 26}, ""recruits"": {""auc"": 0.8052132334603245, ""ap"": 0.803659986708679, ""neg_fail"": 0.0, ""n_test"": 341}, ""requires"": {""auc"": 0.7235265306122449, ""ap"": 0.6787706254198338, ""neg_fail"": 0.0, ""n_test"": 175}, ""supportsGoal"": {""auc"": 0.9358861340679523, ""ap"": 0.9156624442931459, ""neg_fail"": 0.0, ""n_test"": 330}, ""targets"": {""auc"": 0.8280489795918367, ""ap"": 0.8320807274287232, ""neg_fail"": 0.0, ""n_test"": 175}}"
complex,"ComplEx (complex bilinear decoder, no propagation)",0.0,19,59584,0.8919248971696525,0.8774922915353917,0.8523249876277378,0.30865147709846497,0.5131729667812142,0.7913171052932739,0.965864833906071,0.4016593098640442,"{""hasForce"": {""auc"": 0.8982006920415225, ""ap"": 0.8800500748550937, ""neg_fail"": 0.0, ""n_test"": 170}, ""hasIntensity"": {""auc"": 0.8435265306122449, ""ap"": 0.7986196100619626, ""neg_fail"": 0.0, ""n_test"": 175}, ""hasMechanic"": {""auc"": 0.9362281685627304, ""ap"": 0.9344816332030055, ""neg_fail"": 0.0, ""n_test"": 158}, ""hasType"": {""auc"": 0.9573224489795918, ""ap"": 0.9425227708782791, ""neg_fail"": 0.0, ""n_test"": 175}, ""isVariationOf"": {""auc"": 0.8002958579881657, ""ap"": 0.8043713118168536, ""neg_fail"": 0.0, ""n_test"": 26}, ""recruits"": {""auc"": 0.8517728605705145, ""ap"": 0.8613483800668769, ""neg_fail"": 0.0, ""n_test"": 341}, ""requires"": {""auc"": 0.7601306122448979, ""ap"": 0.7553040038458905, ""neg_fail"": 0.0, ""n_test"": 175}, ""supportsGoal"": {""auc"": 0.9328833792470157, ""ap"": 0.8789913718503897, ""neg_fail"": 0.0, ""n_test"": 330}, ""targets"": {""auc"": 0.7310367346938775, ""ap"": 0.7290521048338522, ""neg_fail"": 0.0, ""n_test"": 175}}"
complex,"ComplEx (complex bilinear decoder, no propagation)",0.0,20,59584,0.894500410234676,0.8656887208569629,0.8351345783135031,0.2878391146659851,0.5005727376861397,0.7956252694129944,0.9644902634593356,0.40903809666633606,"{""hasForce"": {""auc"": 0.8985121107266436, ""ap"": 0.8959060746772536, ""neg_fail"": 0.0, ""n_test"": 170}, ""hasIntensity"": {""auc"": 0.8199510204081633, ""ap"": 0.7597930859543287, ""neg_fail"": 0.0, ""n_test"": 175}, ""hasMechanic"": {""auc"": 0.9073065213908027, ""ap"": 0.9018113707818547, ""neg_fail"": 0.0, ""n_test"": 158}, ""hasType"": {""auc"": 0.9501387755102041, ""ap"": 0.9245726626690529, ""neg_fail"": 0.0, ""n_test"": 175}, ""isVariationOf"": {""auc"": 0.6715976331360947, ""ap"": 0.6496142052040644, ""neg_fail"": 0.0, ""n_test"": 26}, ""recruits"": {""auc"": 0.8332229684987229, ""ap"": 0.8149216067735817, ""neg_fail"": 0.0, ""n_test"": 341}, ""requires"": {""auc"": 0.6810448979591839, ""ap"": 0.6358689637222763, ""neg_fail"": 0.0, ""n_test"": 175}, ""supportsGoal"": {""auc"": 0.9422130394857667, ""ap"": 0.9007387553974143, ""neg_fail"": 0.0, ""n_test"": 330}, ""targets"": {""auc"": 0.8323265306122449, ""ap"": 0.8371242836553956, ""neg_fail"": 0.0, ""n_test"": 175}}"
complex,"ComplEx (complex bilinear decoder, no propagation)",0.0,21,59584,0.8904306649061894,0.8821797101449275,0.8574612155999589,0.25291457772254944,0.5083619702176403,0.6523633599281311,0.9631156930126002,0.35961461067199707,"{""hasForce"": {""auc"": 0.9485121107266437, ""ap"": 0.9553751969666714, ""neg_fail"": 0.0, ""n_test"": 170}, ""hasIntensity"": {""auc"": 0.8424816326530613, ""ap"": 0.7743109421375706, ""neg_fail"": 0.0, ""n_test"": 175}, ""hasMechanic"": {""auc"": 0.966471719275757, ""ap"": 0.9681569128436394, ""neg_fail"": 0.0, ""n_test"": 158}, ""hasType"": {""auc"": 0.946808163265306, ""ap"": 0.9133919737413234, ""neg_fail"": 0.0, ""n_test"": 175}, ""isVariationOf"": {""auc"": 0.6642011834319526, ""ap"": 0.6464870915279999, ""neg_fail"": 0.0, ""n_test"": 26}, ""recruits"": {""auc"": 0.8581281550726259, ""ap"": 0.8502266506641438, ""neg_fail"": 0.0, ""n_test"": 341}, ""requires"": {""auc"": 0.7342693877551021, ""ap"": 0.7166814870102162, ""neg_fail"": 0.0, ""n_test"": 175}, ""supportsGoal"": {""auc"": 0.9332323232323234, ""ap"": 0.909231025917323, ""neg_fail"": 0.0, ""n_test"": 330}, ""targets"": {""auc"": 0.8073142857142858, ""ap"": 0.8241040580579655, ""neg_fail"": 0.0, ""n_test"": 175}}"
complex,"ComplEx (complex bilinear decoder, no propagation)",0.0,22,59584,0.8870292489173608,0.8738940558706154,0.8488687065956526,0.23228387534618378,0.4577319587628866,0.601179838180542,0.9649484536082474,0.33303970098495483,"{""hasForce"": {""auc"": 0.9347750865051905, ""ap"": 0.938603980514692, ""neg_fail"": 0.0, ""n_test"": 170}, ""hasIntensity"": {""auc"": 0.822073469387755, ""ap"": 0.7354940118071615, ""neg_fail"": 0.0, ""n_test"": 175}, ""hasMechanic"": {""auc"": 0.9686748918442557, ""ap"": 0.968742942043991, ""neg_fail"": 0.0, ""n_test"": 158}, ""hasType"": {""auc"": 0.9421387755102041, ""ap"": 0.9086159647603503, ""neg_fail"": 0.0, ""n_test"": 175}, ""isVariationOf"": {""auc"": 0.7159763313609467, ""ap"": 0.7342918547692538, ""neg_fail"": 0.0, ""n_test"": 26}, ""recruits"": {""auc"": 0.8144838795675992, ""ap"": 0.8130784421553848, ""neg_fail"": 0.0, ""n_test"": 341}, ""requires"": {""auc"": 0.7339102040816327, ""ap"": 0.704906354187778, ""neg_fail"": 0.0, ""n_test"": 175}, ""supportsGoal"": {""auc"": 0.9446280991735538, ""ap"": 0.9056918523378166, ""neg_fail"": 0.0, ""n_test"": 330}, ""targets"": {""auc"": 0.7924571428571429, ""ap"": 0.8016841476043578, ""neg_fail"": 0.0, ""n_test"": 175}}"
complex,"ComplEx (complex bilinear decoder, no propagation)",0.0,23,59584,0.8781548676653572,0.8688961142617097,0.8516542904875702,0.20663365721702576,0.44238258877434133,0.6038147211074829,0.9711340206185567,0.35230863094329834,"{""hasForce"": {""auc"": 0.9230103806228375, ""ap"": 0.9293357044967785, ""neg_fail"": 0.0, ""n_test"": 170}, ""hasIntensity"": {""auc"": 0.8083265306122449, ""ap"": 0.7259162801911274, ""neg_fail"": 0.0, ""n_test"": 175}, ""hasMechanic"": {""auc"": 0.9566575869251723, ""ap"": 0.9537374161778093, ""neg_fail"": 0.0, ""n_test"": 158}, ""hasType"": {""auc"": 0.9491918367346939, ""ap"": 0.9318930064263901, ""neg_fail"": 0.0, ""n_test"": 175}, ""isVariationOf"": {""auc"": 0.6745562130177515, ""ap"": 0.6826606877379737, ""neg_fail"": 0.0, ""n_test"": 26}, ""recruits"": {""auc"": 0.8150170707166261, ""ap"": 0.8208501167282815, ""neg_fail"": 0.0, ""n_test"": 341}, ""requires"": {""auc"": 0.7391673469387755, ""ap"": 0.7215318648364619, ""neg_fail"": 0.0, ""n_test"": 175}, ""supportsGoal"": {""auc"": 0.9466942148760331, ""ap"": 0.9267262671879807, ""neg_fail"": 0.0, ""n_test"": 330}, ""targets"": {""auc"": 0.6995918367346939, ""ap"": 0.6877458292779595, ""neg_fail"": 0.0, ""n_test"": 175}}"
complex,"ComplEx (complex bilinear decoder, no propagation)",0.0,24,59584,0.8828046467906608,0.8925839109430793,0.8732341731102363,0.2635255455970764,0.5095074455899198,0.6057125926017761,0.9699885452462772,0.32688790559768677,"{""hasForce"": {""auc"": 0.9369204152249135, ""ap"": 0.9347377763813977, ""neg_fail"": 0.0, ""n_test"": 170}, ""hasIntensity"": {""auc"": 0.8578938775510204, ""ap"": 0.7874311962794865, ""neg_fail"": 0.0, ""n_test"": 175}, ""hasMechanic"": {""auc"": 0.9546146450889281, ""ap"": 0.9541837181448247, ""neg_fail"": 0.0, ""n_test"": 158}, ""hasType"": {""auc"": 0.9598040816326531, ""ap"": 0.9489695868836553, ""neg_fail"": 0.0, ""n_test"": 175}, ""isVariationOf"": {""auc"": 0.8224852071005918, ""ap"": 0.8003040877424779, ""neg_fail"": 0.0, ""n_test"": 26}, ""recruits"": {""auc"": 0.8634944659918646, ""ap"": 0.8622737791090189, ""neg_fail"": 0.0, ""n_test"": 341}, ""requires"": {""auc"": 0.7272816326530612, ""ap"": 0.6788895839270239, ""neg_fail"": 0.0, ""n_test"": 175}, ""supportsGoal"": {""auc"": 0.9542148760330579, ""ap"": 0.9359386279533831, ""neg_fail"": 0.0, ""n_test"": 330}, ""targets"": {""auc"": 0.8313795918367347, ""ap"": 0.8033341769545701, ""neg_fail"": 0.0, ""n_test"": 175}}"
complex,"ComplEx (complex bilinear decoder, no propagation)",0.0,25,59584,0.8928282284925642,0.8558689350976685,0.8307411912040618,0.28316736221313477,0.5003436426116838,0.7343913316726685,0.9720504009163803,0.3829409182071686,"{""hasForce"": {""auc"": 0.8669896193771627, ""ap"": 0.8724530145575841, ""neg_fail"": 0.0, ""n_test"": 170}, ""hasIntensity"": {""auc"": 0.7988897959183674, ""ap"": 0.7432413430067437, ""neg_fail"": 0.0, ""n_test"": 175}, ""hasMechanic"": {""auc"": 0.9047828873577952, ""ap"": 0.9042530051534914, ""neg_fail"": 0.0, ""n_test"": 158}, ""hasType"": {""auc"": 0.9592163265306122, ""ap"": 0.9426406471978725, ""neg_fail"": 0.0, ""n_test"": 175}, ""isVariationOf"": {""auc"": 0.9068047337278107, ""ap"": 0.8919081569833072, ""neg_fail"": 0.0, ""n_test"": 26}, ""recruits"": {""auc"": 0.8137786912737248, ""ap"": 0.7949850536308426, ""neg_fail"": 0.0, ""n_test"": 341}, ""requires"": {""auc"": 0.686334693877551, ""ap"": 0.6896791904162185, ""neg_fail"": 0.0, ""n_test"": 175}, ""supportsGoal"": {""auc"": 0.9349311294765841, ""ap"": 0.8936654178455291, ""neg_fail"": 0.0, ""n_test"": 330}, ""targets"": {""auc"": 0.7530775510204082, ""ap"": 0.7183646574984779, ""neg_fail"": 0.0, ""n_test"": 175}}"
complex,"ComplEx (complex bilinear decoder, no propagation)",0.0,26,59584,0.8895449926918458,0.8738349086326402,0.8477134282426618,0.299161434173584,0.5120274914089347,0.7657424211502075,0.9713631156930126,0.39671093225479126,"{""hasForce"": {""auc"": 0.9044982698961939, ""ap"": 0.9186447360964238, ""neg_fail"": 0.0, ""n_test"": 170}, ""hasIntensity"": {""auc"": 0.888065306122449, ""ap"": 0.8315700243582893, ""neg_fail"": 0.0, ""n_test"": 175}, ""hasMechanic"": {""auc"": 0.9229290177856113, ""ap"": 0.9249434656107831, ""neg_fail"": 0.0, ""n_test"": 158}, ""hasType"": {""auc"": 0.9277061224489797, ""ap"": 0.9098999080849872, ""neg_fail"": 0.0, ""n_test"": 175}, ""isVariationOf"": {""auc"": 0.7544378698224852, ""ap"": 0.7798093423252395, ""neg_fail"": 0.0, ""n_test"": 26}, ""recruits"": {""auc"": 0.83473654337338, ""ap"": 0.836340852801953, ""neg_fail"": 0.0, ""n_test"": 341}, ""requires"": {""auc"": 0.772604081632653, ""ap"": 0.74800974660939, ""neg_fail"": 0.0, ""n_test"": 175}, ""supportsGoal"": {""auc"": 0.9358861340679523, ""ap"": 0.8975755539695947, ""neg_fail"": 0.0, ""n_test"": 330}, ""targets"": {""auc"": 0.7514122448979592, ""ap"": 0.7347510220163674, ""neg_fail"": 0.0, ""n_test"": 175}}"
complex,"ComplEx (complex bilinear decoder, no propagation)",0.0,27,59584,0.8927616672371916,0.8689952530980886,0.8484130634508819,0.18567687273025513,0.4229095074455899,0.49552053213119507,0.9603665521191295,0.27990588545799255,"{""hasForce"": {""auc"": 0.8972318339100346, ""ap"": 0.882551648857125, ""neg_fail"": 0.0, ""n_test"": 170}, ""hasIntensity"": {""auc"": 0.864130612244898, ""ap"": 0.780322970679332, ""neg_fail"": 0.0, ""n_test"": 175}, ""hasMechanic"": {""auc"": 0.9475644928697324, ""ap"": 0.9469249867430418, ""neg_fail"": 0.0, ""n_test"": 158}, ""hasType"": {""auc"": 0.9537632653061224, ""ap"": 0.948424866404609, ""neg_fail"": 0.0, ""n_test"": 175}, ""isVariationOf"": {""auc"": 0.4600591715976331, ""ap"": 0.5744725319631169, ""neg_fail"": 0.0, ""n_test"": 26}, ""recruits"": {""auc"": 0.8396814612877427, ""ap"": 0.8222011835507409, ""neg_fail"": 0.0, ""n_test"": 341}, ""requires"": {""auc"": 0.7084081632653062, ""ap"": 0.6994764359114842, ""neg_fail"": 0.0, ""n_test"": 175}, ""supportsGoal"": {""auc"": 0.9486776859504131, ""ap"": 0.9318901960726231, ""neg_fail"": 0.0, ""n_test"": 330}, ""targets"": {""auc"": 0.7372408163265306, ""ap"": 0.7399571544783192, ""neg_fail"": 0.0, ""n_test"": 175}}"
complex,"ComplEx (complex bilinear decoder, no propagation)",0.0,28,59584,0.8934069038964144,0.8813617307288386,0.867366792610007,0.277358740568161,0.5097365406643757,0.7295687198638916,0.9686139747995418,0.39222609996795654,"{""hasForce"": {""auc"": 0.8740484429065742, ""ap"": 0.871825035453409, ""neg_fail"": 0.0, ""n_test"": 170}, ""hasIntensity"": {""auc"": 0.8715102040816327, ""ap"": 0.8425443634497424, ""neg_fail"": 0.0, ""n_test"": 175}, ""hasMechanic"": {""auc"": 0.9114324627463548, ""ap"": 0.908886266316913, ""neg_fail"": 0.0, ""n_test"": 158}, ""hasType"": {""auc"": 0.9551673469387756, ""ap"": 0.9404522393543426, ""neg_fail"": 0.0, ""n_test"": 175}, ""isVariationOf"": {""auc"": 0.6789940828402367, ""ap"": 0.7129396129703659, ""neg_fail"": 0.0, ""n_test"": 26}, ""recruits"": {""auc"": 0.8431730033281448, ""ap"": 0.8340504540528542, ""neg_fail"": 0.0, ""n_test"": 341}, ""requires"": {""auc"": 0.7651918367346939, ""ap"": 0.7359676032630349, ""neg_fail"": 0.0, ""n_test"": 175}, ""supportsGoal"": {""auc"": 0.9568595041322314, ""ap"": 0.9440464377015303, ""neg_fail"": 0.0, ""n_test"": 330}, ""targets"": {""auc"": 0.8082285714285715, ""ap"": 0.799799022833622, ""neg_fail"": 0.0, ""n_test"": 175}}"
complex,"ComplEx (complex bilinear decoder, no propagation)",0.0,29,59584,0.896114181079216,0.878512245326612,0.8586978477782096,0.26186254620552063,0.4948453608247423,0.6901102066040039,0.9651775486827033,0.3849151134490967,"{""hasForce"": {""auc"": 0.9306228373702422, ""ap"": 0.929826794147029, ""neg_fail"": 0.0, ""n_test"": 170}, ""hasIntensity"": {""auc"": 0.861126530612245, ""ap"": 0.7915746737009622, ""neg_fail"": 0.0, ""n_test"": 175}, ""hasMechanic"": {""auc"": 0.9765261977247236, ""ap"": 0.9770690048418188, ""neg_fail"": 0.0, ""n_test"": 158}, ""hasType"": {""auc"": 0.9667591836734695, ""ap"": 0.9579727007848297, ""neg_fail"": 0.0, ""n_test"": 175}, ""isVariationOf"": {""auc"": 0.7988165680473372, ""ap"": 0.8514573013546629, ""neg_fail"": 0.0, ""n_test"": 26}, ""recruits"": {""auc"": 0.8371187038295164, ""ap"": 0.819134766994136, ""neg_fail"": 0.0, ""n_test"": 341}, ""requires"": {""auc"": 0.7131102040816326, ""ap"": 0.7014723404047256, ""neg_fail"": 0.0, ""n_test"": 175}, ""supportsGoal"": {""auc"": 0.940615243342516, ""ap"": 0.9209114315767235, ""neg_fail"": 0.0, ""n_test"": 330}, ""targets"": {""auc"": 0.7612734693877551, ""ap"": 0.7632209122895443, ""neg_fail"": 0.0, ""n_test"": 175}}"
